<?xml version="1.0" encoding="utf-8" standalone="no"?>
<problem revision="5" short-name="logistics" url="https://polygon.codeforces.com/p0XHiy8/Ormlis/logistics">
    <names>
        <name language="russian" value="Логистика"/>
    </names>
    <statements>
        <statement charset="UTF-8" language="russian" mathjax="true" path="statements/russian/problem.tex" type="application/x-tex"/>
        <statement charset="UTF-8" language="russian" mathjax="true" path="statements/.html/russian/problem.html" type="text/html"/>
        <statement language="russian" path="statements/.pdf/russian/problem.pdf" type="application/pdf"/>
    </statements>
    <tutorials>
        <tutorial charset="UTF-8" language="russian" mathjax="true" path="statements/russian/tutorial.tex" type="application/x-tex"/>
        <tutorial charset="UTF-8" language="russian" mathjax="true" path="statements/.html/russian/tutorial.html" type="text/html"/>
        <tutorial language="russian" path="statements/.pdf/russian/tutorial.pdf" type="application/pdf"/>
    </tutorials>
    <judging cpu-name="Intel(R) Core(TM) i3-8100 CPU @ 3.60GHz" cpu-speed="3600" input-file="" output-file="" run-count="1">
        <testset name="tests">
            <time-limit>1000</time-limit>
            <memory-limit>268435456</memory-limit>
            <test-count>42</test-count>
            <input-path-pattern>tests/%02d</input-path-pattern>
            <answer-path-pattern>tests/%02d.a</answer-path-pattern>
            <tests>
                <test method="manual" sample="true"/>
                <test cmd="gen -mode=all -shuffle=0" method="generated"/>
                <test cmd="gen -mode=random" method="generated"/>
                <test cmd="gen -mode=random -n=10 -m=20 -k=5" method="generated"/>
                <test cmd="gen -mode=random -n=50 -m=150 -k=25" method="generated"/>
                <test cmd="gen -mode=random -n=100 -m=200 -k=30" method="generated"/>
                <test cmd="gen -mode=random -n=100 -m=200 -k=40" method="generated"/>
                <test cmd="gen -mode=random -n=100 -m=200 -k=10" method="generated"/>
                <test cmd="gen -mode=random -n=100 -m=200 -k=100" method="generated"/>
                <test cmd="gen -mode=random -n=50 -m=100 -k=20" method="generated"/>
                <test cmd="gen -mode=random -n=100 -m=100 -k=8" method="generated"/>
                <test cmd="gen -mode=random -n=300 -m=900 -k=8" method="generated"/>
                <test cmd="gen -mode=random -n=300 -m=900 -k=20" method="generated"/>
                <test cmd="gen -mode=random -n=300 -m=900 -k=300" method="generated"/>
                <test cmd="gen -mode=random -n=300 -m=900 -k=100" method="generated"/>
                <test cmd="gen -mode=random -n=300 -m=450 -k=10" method="generated"/>
                <test cmd="gen -mode=random -n=200 -m=450 -k=10" method="generated"/>
                <test cmd="gen -mode=random -n=250 -m=450 -k=150" method="generated"/>
                <test cmd="gen -mode=random -n=100 -m=450 -k=10" method="generated"/>
                <test cmd="gen -mode=cycle" method="generated"/>
                <test cmd="gen -mode=cycle -n=100 -m=200 -k=50" method="generated"/>
                <test cmd="gen -mode=cycle -n=75 -m=100 -k=50 -add=5" method="generated"/>
                <test cmd="gen -mode=cycle -n=100 -m=145 -k=100 -add=5" method="generated"/>
                <test cmd="gen -mode=cycle -n=300 -m=800 -k=100 -add=90" method="generated"/>
                <test cmd="gen -mode=cycle -n=300 -m=800 -k=300 -add=90" method="generated"/>
                <test cmd="gen -mode=cycle -n=300 -m=600 -k=200 -add=10" method="generated"/>
                <test cmd="gen -mode=cycle -n=250 -m=300 -k=200 -add=15" method="generated"/>
                <test cmd="gen -mode=cycle -n=200 -m=300 -k=100 -add=50" method="generated"/>
                <test cmd="gen -mode=big" method="generated"/>
                <test cmd="gen -mode=big -n=100 -good=5 -deg=1" method="generated"/>
                <test cmd="gen -mode=big -n=100 -good=5 -deg=2" method="generated"/>
                <test cmd="gen -mode=big -n=100 -good=10 -deg=2" method="generated"/>
                <test cmd="gen -mode=big -n=100 -good=15 -deg=1" method="generated"/>
                <test cmd="gen -mode=big -n=50 -good=15 -deg=4" method="generated"/>
                <test cmd="gen -mode=big -n=40 -good=6 -deg=5" method="generated"/>
                <test cmd="gen -mode=big -n=300 -good=6 -deg=2" method="generated"/>
                <test cmd="gen -mode=big -n=100 -good=40 -deg=7" method="generated"/>
                <test cmd="gen -mode=big -n=300 -good=100 -deg=3" method="generated"/>
                <test cmd="gen -mode=big -n=300 -good=2 -deg=2" method="generated"/>
                <test cmd="gen -mode=big -n=300 -good=3 -deg=2" method="generated"/>
                <test cmd="gen -mode=big -n=300 -good=5 -deg=3" method="generated"/>
                <test cmd="gen -mode=big -n=300 -good=2 -deg=1" method="generated"/>
            </tests>
        </testset>
    </judging>
    <files>
        <resources>
            <file path="files/olymp.sty"/>
            <file path="files/problem.tex"/>
            <file path="files/statements.ftl"/>
            <file path="files/testlib.h" type="h.g++"/>
            <file path="files/tutorial.tex"/>
        </resources>
        <executables>
            <executable>
                <source path="files/checker.cpp" type="cpp.g++17"/>
            </executable>
            <executable>
                <source path="files/gen.cpp" type="cpp.g++17"/>
            </executable>
            <executable>
                <source path="files/validator.cpp" type="cpp.g++17"/>
            </executable>
        </executables>
    </files>
    <assets>
        <checker type="testlib">
            <source path="files/checker.cpp" type="cpp.g++17"/>
            <copy path="check.cpp" type="cpp.g++17"/>
            <testset>
                <test-count>4</test-count>
                <input-path-pattern>files/tests/checker-tests/%02d</input-path-pattern>
                <output-path-pattern>files/tests/checker-tests/%02d.o</output-path-pattern>
                <answer-path-pattern>files/tests/checker-tests/%02d.a</answer-path-pattern>
                <tests>
                    <test verdict="ok"/>
                    <test verdict="ok"/>
                    <test verdict="wrong-answer"/>
                    <test verdict="wrong-answer"/>
                </tests>
            </testset>
        </checker>
        <validators>
            <validator>
                <source path="files/validator.cpp" type="cpp.g++17"/>
                <testset>
                    <test-count>6</test-count>
                    <input-path-pattern>files/tests/validator-tests/%02d</input-path-pattern>
                    <tests>
                        <test verdict="invalid"/>
                        <test verdict="invalid"/>
                        <test verdict="valid"/>
                        <test verdict="valid"/>
                        <test verdict="valid"/>
                        <test verdict="valid"/>
                    </tests>
                </testset>
            </validator>
        </validators>
        <solutions>
            <solution tag="time-limit-exceeded-or-accepted">
                <source path="solutions/ormlis_inc.cpp" type="cpp.g++17"/>
            </solution>
            <solution tag="time-limit-exceeded-or-accepted">
                <source path="solutions/ormlis_ls.cpp" type="cpp.g++17"/>
            </solution>
            <solution tag="main">
                <source path="solutions/ormlis_ok.cpp" type="cpp.g++17"/>
            </solution>
            <solution tag="accepted">
                <source path="solutions/ormlis_ok2.cpp" type="cpp.g++17"/>
            </solution>
            <solution tag="accepted">
                <source path="solutions/ormlis_ok3.cpp" type="cpp.g++17"/>
            </solution>
            <solution tag="accepted">
                <source path="solutions/teraqqq.py" type="python.3"/>
            </solution>
        </solutions>
    </assets>
    <properties>
        <property name="tests-wellformed" value="true"/>
    </properties>
    <stresses>
        <stress-count>0</stress-count>
        <stress-path-pattern>stresses/%03d</stress-path-pattern>
        <list/>
    </stresses>
    <tags>
        <tag value="binary search"/>
        <tag value="bipartite"/>
        <tag value="matching"/>
    </tags>
</problem>
