{"extraResources":{"example.01.mu":"TVXzATMNCiFjMTsxIDMNCjEgMQ0KMSAxDQoxIDENCiFjMjsyIDQNCjEgMQ0KMiAxIDINCjEgMg0KMSAyDQohYzM7MyA2DQoyIDEgMg0KMiAxIDMNCjIgMiAzDQoyIDEgMg0KMSAxDQozIDEgMiAzDQo="},"scoring":null,"notes":"","legend":"Один известный маркетплейс решил оптимизировать свою логистику. Для этого они хотят минимизировать время загрузки товара на склады. Чтобы решить эту задачу, они обратились к вам за помощью!\r\n\r\nВам предстоит минимизировать это время для $t$ разных складов независимо. Склад задается числом $k$~--- количеством доступных в нём ворот для подъезда фуры с товарами. Также известно, что на этот склад в течение дня должны прибыть $n$ фур с товаром. В связи с разной грузоподъёмностью и другими техническими факторами, фуры имеют ограничения на ворота, к которым они могут подъехать и разгрузить свой товар. Конкретнее, $i$-й фуре допускается подъехать к одним из $m_i$ ворот, задаваемых набором $a_{i,1}, a_{i,2}, \\ldots, a_{i,m_i}$. \r\n\r\nЧтобы наладить график поставок, было решено, что будет выбрано несколько разгрузочных часов в течение дня, в каждый из которых будет приезжать какое-то множество из запланированных фур на \\textbf{разные} ворота, чтобы не мешать друг другу. Покупатели очень важны, поэтому товар не должен быть утерян. В связи с этим каждая фура должна приехать на склад ровно один раз в течение дня.\r\n\r\nТак как скорость очень важна, вам необходимо, зная информацию о складе и фурах, составить график приезда всех фур на склад, минимизируя количество разгрузочных часов.","authorLogin":"Ormlis","language":"russian","timeLimit":1000,"output":"Для каждого набора входных данных сначала выведите одно целое число $l$~--- минимальное необходимое количество разгрузочных часов. \r\n\r\nЗатем выведите описание каждого из $l$ разгрузочных часов. \r\n\r\nДля $i$-го часа сначала выведите одно целое число $c_i$~--- число фур разгружаемых в этот час. \r\n\r\nПосле выведите $c_i$ строк, каждая из которых содержит два целых числа $f$, $g$ ($1 \\leq f \\leq n, 1 \\leq g \\leq k$)~--- номер фуры и ворота, на которые она разгружается.\r\n\r\nНеобходимо, чтобы каждая из фур была разгружена ровно один раз в одни из \\textbf{допустимых} ворот.","inputFile":"stdin","outputFile":"stdout","input":"Каждый тест состоит из нескольких наборов входных данных. Первая строка содержит целое число $t$ ($1 \\leq t \\leq 200$)~--- количество наборов входных данных. Далее следует описание наборов входных данных.\r\n\r\nВ первой строке каждого набора входных данных находится два целых числа $k, n$ ($1 \\leq k, n \\leq 300$)~--- количество доступных ворот на складе и количество фур.\r\n\r\nСледующие $n$ строк каждого набора входных данных описывают ограничения для фур.\r\nВ $i$-й из этих строк содержится число $m_i$ ($1 \\leq m_i \\leq k$)~--- количество доступных ворот для $i$-й фуры. За которым следуют $m_i$ различных чисел $a_{i, 1}, a_{i, 2}, \\ldots, a_{i, m_i}$ ($1 \\leq a_{i, j} \\leq k$)~--- номера доступных ворот.\r\n\r\nГарантируется, что сумма всех $m_i$ в одном тестовом наборе не превосходит $900$. \r\n\r\nОбозначим за $N, K, M$ сумму $n$, $k$ и $m_i$ по всем тестовым наборам. \r\nГарантируется, что $N, M, K \\leq 900$.","authorName":"Fedor Romashov","sampleTests":[{"output":"3\r\n1\r\n1 1\r\n1\r\n2 1\r\n1\r\n3 1\r\n2\r\n2\r\n1 1\r\n3 2\r\n2\r\n2 1\r\n4 2\r\n2\r\n3\r\n5 1\r\n3 2\r\n2 3\r\n3\r\n1 1\r\n4 2\r\n6 3\r\n","input":"3\r\n1 3\r\n1 1\r\n1 1\r\n1 1\r\n2 4\r\n1 1\r\n2 1 2\r\n1 2\r\n1 2\r\n3 6\r\n2 1 2\r\n2 1 3\r\n2 2 3\r\n2 1 2\r\n1 1\r\n3 1 2 3\r\n","inputFile":"example.01","outputFile":"example.01.a"}],"name":"Логистика","interaction":null,"memoryLimit":268435456,"tutorial":"Переформулируем задачу на язык теории графов. Нам дан двудольный граф, где вершинами левой доли являются фуры, а правой ворота. Необходимо найти минимальное $l$, такое что можно выбрать такое подмножество рёбер, чтобы для каждой вершины левой доли было выбрано ровно одно смежное ребро, а для каждой вершины правой доли было выбрано не более $k$ смежных рёбер. \r\n\r\nНесложно заметить, что если такое подмножество можно найти для $l$, то можно найти и для $l+1$. А значит работает бинарный поиск по $k$ (ответу). Заметим, что так как у каждой вершины левой доли степень хотя бы $1$, то имеем $1 \\leq l \\leq n$. \r\n\r\nКак для фиксированного $l$ найти такое подмножество ребёр? Размножим все вершины правой доли и смежные им рёбра на $l$ версий, теперь вершинами будут пары (ворота, час). Тогда в таком двудольном графе необходимо найти максимальное паросочетание. Если его размер равен $n$, то мы построили расписание для данного $l$, иначе его построить нельзя. Для построения паросочетания можно использовать стандартный алгоритм Куна. Итого асимптотика $O((n^3 + nm)\\log{n})$, что укладывается в ограничения задачи при аккуратной реализации.\r\n\r\nТакже несложно заметить, что сформулированная задача является поиском максимального потока в сети, где в левую долю идут ребра пропускной способности $1$, а из правой~--- $l$. Из-за чего можно использовать алгоритмы поиска максимального потока. \r\n\r\nНаконец, можно заметить, что бинпоиск излишен. Достаточно просто итеративно запускать алгоритм Куна от очередной вершины, и если не нашлась пара, увеличивать $l$, при этом сохраняя выбранные ребра. При такой реализации решение будет работать за $O(n^3 + nm)$."}